subreddit,count,sentiment_mean,sentiment_std,avg_post_score,avg_comment_score
pharmacy,2004,0.088,0.484,108.156,22.055
Ozempic,1877,0.312,0.538,89.723,5.902
MASH,1132,0.145,0.458,169.79,11.331
medicine,876,0.114,0.53,275.033,59.48
semaglutide,820,0.341,0.578,53.467,7.459
AskDocs,779,0.223,0.663,7.149,7.809
Supplements,679,0.184,0.571,20.133,4.037
NAFLD,612,0.165,0.558,2.918,1.607
Wegovy,420,0.311,0.534,8.702,1.978
NASH,31,0.143,0.473,7.0,1.87
obesity,20,-0.003,0.285,9.875,1.583
MASLD,5,0.469,0.43,1.0,1.5
